,nameFirst,nameLast,nameFull
0,Hank,Aaron,Hank Aaron
1,Kelvin,Liang,Kelvin Liang
2,Dave,Douran,Dave Douran
3,David,Zhang,David Zhang
4,Nora,Zhang,Nora Zhang
5,May,Lias,May Lias
6,Steve,Jobs,Steve Jobs
7,Steve,washar,Steve washar
